"InitiatedBy","SessionName","SessionStartTime","ItemName","ItemSize","SourceName","LogEntryID","LogDetail","LogItemCreationTime","LogItemEndTime","SessionStatus","SessionResult","ProcessedObjects"
"USDEMO\Esteve.Nobime","Exchange restore (Entire organization - 8/27/2020 6:01:21 PM)","9/2/2020 10:41:32 AM","The new All Company group is ready","34576","All Company\Inbox","1","Item The new All Company group is ready was opened successfully (type: IPM.Note.GroupMailbox.WarmupEmail; source: All Company\Inbox; target: All Company\Inbox)","9/2/2020 10:42:32 AM","9/2/2020 10:42:32 AM","Stopped","Success","1"
"USDEMO\Esteve.Nobime","Exchange restore (Entire organization - 8/31/2020 6:01:14 PM)","9/1/2020 2:43:12 PM","The new All Company group is ready","34576","All Company\Inbox","1","Item The new All Company group is ready was opened successfully (type: IPM.Note.GroupMailbox.WarmupEmail; source: All Company\Inbox; target: All Company\Inbox)","9/1/2020 2:49:52 PM","9/1/2020 2:49:52 PM","Stopped","Success","1"
"USDEMO\Esteve.Nobime","Exchange restore (Job: Office 365 Suite to Blob - 8/26/2020 6:01:27 PM)","8/27/2020 2:25:25 PM","The new All Company group is ready","34576","All Company\Inbox","1","Item The new All Company group is ready was opened successfully (type: IPM.Note.GroupMailbox.WarmupEmail; source: All Company\Inbox; target: All Company\Inbox)","8/27/2020 2:27:06 PM","8/27/2020 2:27:06 PM","Stopped","Success","1"
"USDEMO\justin.bryant","Exchange restore (Entire organization - 8/24/2020 6:01:34 PM)","8/25/2020 4:51:43 PM","Scale-out Backup Repository: SOBR + S3 Bucket","19417","Justin Bryant\Inbox","1","Item Scale-out Backup Repository: SOBR + S3 Bucket was opened successfully (type: IPM.Note; source: Justin Bryant\Inbox; target: Justin Bryant\Inbox)","8/25/2020 4:52:56 PM","8/25/2020 4:52:56 PM","Stopped","Success","3"
"USDEMO\justin.bryant","Exchange restore (Entire organization - 8/24/2020 6:01:34 PM)","8/25/2020 4:51:43 PM","Undeliverable: Report Datastore Capacity","318881","Justin Bryant\Inbox","2","Item Undeliverable: Report Datastore Capacity was opened successfully (type: REPORT.IPM.Note.NDR; source: Justin Bryant\Inbox; target: Justin Bryant\Inbox)","8/25/2020 4:53:13 PM","8/25/2020 4:53:13 PM","Stopped","Success","3"
"USDEMO\justin.bryant","Exchange restore (Entire organization - 8/24/2020 6:01:34 PM)","8/25/2020 4:51:43 PM","Undeliverable: Report Datastore Capacity","318881","Justin Bryant\Inbox","3","Item Undeliverable: Report Datastore Capacity was opened successfully (type: REPORT.IPM.Note.NDR; source: Justin Bryant\Inbox; target: Justin Bryant\Inbox)","8/25/2020 4:53:28 PM","8/25/2020 4:53:28 PM","Stopped","Success","3"
"USDEMO\Esteve.Nobime","Exchange restore (Job: Office 365 Suite to Blob - 8/24/2020 6:02:06 PM)","8/25/2020 1:58:17 PM","You've joined the Real Estate group","372536","Arya Stark\Archive","1","Item You've joined the Real Estate group was opened successfully (type: IPM.Note.GroupMailbox.WelcomeEmail; source: Arya Stark\Archive; target: Arya Stark\Archive)","8/25/2020 1:59:40 PM","8/25/2020 1:59:40 PM","Stopped","Success","1"
"USDEMO\Esteve.Nobime","Exchange restore (Entire organization - 8/10/2020 6:16:30 PM)","8/20/2020 1:32:16 PM","The new All Company group is ready","34576","All Company\Inbox","1","Item The new All Company group is ready was opened successfully (type: IPM.Note.GroupMailbox.WarmupEmail; source: All Company\Inbox; target: All Company\Inbox)","8/20/2020 1:33:30 PM","8/20/2020 1:33:30 PM","Stopped","Success","1"
"USDEMO\justin.bryant","Exchange restore (Entire organization - 8/18/2020 6:03:09 PM)","8/19/2020 11:06:03 AM","You've joined the Real Estate group","376238","Jon Snow\Inbox","1","Item You've joined the Real Estate group was opened successfully (type: IPM.Note.GroupMailbox.WelcomeEmail; source: Jon Snow\Inbox; target: Jon Snow\Inbox)","8/19/2020 11:14:46 AM","8/19/2020 11:14:46 AM","Stopped","Success","1"
"USDEMO\justin.bryant","Exchange restore (Entire organization - 8/18/2020 6:02:41 PM)","8/18/2020 11:22:30 PM","Your mailbox is almost full.","14510","Andy Perkins\Inbox","1","Item Your mailbox is almost full. was opened successfully (type: IPM.Note.StorageQuotaWarning.Warning; source: Andy Perkins\Inbox; target: Andy Perkins\Inbox)","8/18/2020 11:23:19 PM","8/18/2020 11:23:19 PM","Stopped","Success","1"
"USDEMO\justin.bryant","Exchange restore (Job: Office 365 Suite to Blob - 8/18/2020 6:03:09 PM)","8/18/2020 10:55:30 PM","Welcome to MyAnalytics","303623","Arya Stark\Inbox","1","Item Welcome to MyAnalytics was opened successfully (type: IPM.Note; source: Arya Stark\Inbox; target: Arya Stark\Inbox)","8/18/2020 10:57:50 PM","8/18/2020 10:57:50 PM","Stopped","Warning","4"
"USDEMO\justin.bryant","Exchange restore (Job: Office 365 Suite to Blob - 8/18/2020 6:03:09 PM)","8/18/2020 10:55:30 PM","Welcome to MyAnalytics","303623","Arya Stark\Inbox","2","Item Welcome to MyAnalytics was opened successfully (type: IPM.Note; source: Arya Stark\Inbox; target: Arya Stark\Inbox)","8/18/2020 10:58:35 PM","8/18/2020 10:58:35 PM","Stopped","Warning","4"
"USDEMO\justin.bryant","Exchange restore (Job: Office 365 Suite to Blob - 8/18/2020 6:03:09 PM)","8/18/2020 10:55:30 PM","Welcome to MyAnalytics","303623","Arya Stark\Inbox","3","Item Welcome to MyAnalytics was opened successfully (type: IPM.Note; source: Arya Stark\Inbox; target: Arya Stark\Inbox)","8/18/2020 10:58:58 PM","8/18/2020 10:58:58 PM","Stopped","Warning","4"
"USDEMO\justin.bryant","Exchange restore (Job: Office 365 Suite to Blob - 8/18/2020 6:03:09 PM)","8/18/2020 10:55:30 PM","You've joined the Real Estate group","376238","Jon Snow\Inbox","4","Item You've joined the Real Estate group was opened with warning: Object was not found. The object could be deleted or moved to another folder. (type: IPM.Note.GroupMailbox.WelcomeEmail; source: Jon Snow\Inbox; target: Jon Snow\Inbox)","8/18/2020 11:04:49 PM","8/18/2020 11:04:52 PM","Stopped","Warning","4"
"USDEMO\andy.perkins","Exchange restore (Entire organization - 8/18/2020 6:02:41 PM)","8/18/2020 6:07:58 PM","[Success] HyperV - Replication (3 machines) ","23591","Andy Perkins\Deleted Items","15","Item [Success] HyperV - Replication (3 machines)  was opened successfully (type: IPM.Note; source: Andy Perkins\Deleted Items; target: Andy Perkins\Deleted Items)","8/18/2020 6:15:14 PM","8/18/2020 6:15:14 PM","Stopped","Success","16"
"USDEMO\andy.perkins","Exchange restore (Entire organization - 8/18/2020 6:02:41 PM)","8/18/2020 6:07:58 PM","[Success] HyperV - Replication (3 machines) ","23590","Andy Perkins\Deleted Items","16","Item [Success] HyperV - Replication (3 machines)  was opened successfully (type: IPM.Note; source: Andy Perkins\Deleted Items; target: Andy Perkins\Deleted Items)","8/18/2020 6:15:25 PM","8/18/2020 6:15:25 PM","Stopped","Success","16"
"USDEMO\brett.rauber","Exchange restore (Entire organization - 8/13/2020 6:22:34 PM)","8/14/2020 3:26:10 PM","Jon Snow shared ""Early Life"" with you.","121441","Arya Stark\Inbox","1","Item Jon Snow shared ""Early Life"" with you. was opened successfully (type: IPM.Note; source: Arya Stark\Inbox; target: Arya Stark\Inbox)","8/14/2020 3:28:30 PM","8/14/2020 3:28:30 PM","Stopped","Success","2"
"USDEMO\brett.rauber","Exchange restore (Entire organization - 8/13/2020 6:22:34 PM)","8/14/2020 2:55:40 PM","Jon Snow shared ""Early Life"" with you.","121441","Arya Stark\Inbox","1","Item Jon Snow shared ""Early Life"" with you. was opened successfully (type: IPM.Note; source: Arya Stark\Inbox; target: Arya Stark\Inbox)","8/14/2020 2:57:04 PM","8/14/2020 2:57:04 PM","Stopped","Success","1"
"USDEMO\Esteve.Nobime","Exchange restore (Job: Office 365 Suite to Blob - 8/3/2020 6:01:31 PM)","8/13/2020 3:27:21 PM","The new All Company group is ready","34576","All Company\Inbox","1","Item The new All Company group is ready was opened successfully (type: IPM.Note.GroupMailbox.WarmupEmail; source: All Company\Inbox; target: All Company\Inbox)","8/13/2020 3:28:36 PM","8/13/2020 3:28:36 PM","Stopped","Success","1"
"USDEMO\Esteve.Nobime","Exchange restore (Job: Office 365 Suite to Blob - 7/21/2020 6:15:28 PM)","8/13/2020 10:55:36 AM","You have been added to a team in Microsoft Teams","117821","Davos Seaworth\Inbox","1","Item You have been added to a team in Microsoft Teams was opened successfully (type: IPM.Note; source: Davos Seaworth\Inbox; target: Davos Seaworth\Inbox)","8/13/2020 10:56:54 AM","8/13/2020 10:56:54 AM","Stopped","Success","1"
"USDEMO\Esteve.Nobime","Exchange restore (Job: Office 365 Suite to Blob - 8/12/2020 6:01:20 PM)","8/13/2020 10:16:05 AM","The new All Company group is ready","34576","All Company\Inbox","1","Item The new All Company group is ready was opened successfully (type: IPM.Note.GroupMailbox.WarmupEmail; source: All Company\Inbox; target: All Company\Inbox)","8/13/2020 10:17:04 AM","8/13/2020 10:17:04 AM","Stopped","Success","1"
"USDEMO\esteve.nobime","Exchange restore (Job: Office 365 Suite to Blob - 8/9/2020 6:13:18 PM)","8/11/2020 2:21:47 PM","Welcome to MyAnalytics","303623","Arya Stark\Inbox","1","Item Welcome to MyAnalytics was opened successfully (type: IPM.Note; source: Arya Stark\Inbox; target: Arya Stark\Inbox)","8/11/2020 2:22:46 PM","8/11/2020 2:22:47 PM","Stopped","Success","1"
"USDEMO\esteve.nobime","Exchange restore (Entire organization - 8/5/2020 6:01:26 PM)","8/7/2020 4:22:51 PM","The new All Company group is ready","34576","All Company\Inbox","1","Item The new All Company group is ready was opened successfully (type: IPM.Note.GroupMailbox.WarmupEmail; source: All Company\Inbox; target: All Company\Inbox)","8/7/2020 4:24:12 PM","8/7/2020 4:24:12 PM","Stopped","Success","1"
"USDEMO\peter.stickle","Exchange restore (Job: Office 365 Suite to Blob - 8/2/2020 6:01:26 PM)","8/4/2020 3:37:11 PM","Excel Attachment","98019","Grey Worm\Inbox","1","Item Excel Attachment was opened successfully (type: IPM.Note; source: Grey Worm\Inbox; target: Grey Worm\Inbox)","8/4/2020 3:46:06 PM","8/4/2020 3:46:06 PM","Stopped","Success","3"
"USDEMO\peter.stickle","Exchange restore (Job: Office 365 Suite to Blob - 8/2/2020 6:01:26 PM)","8/4/2020 3:37:11 PM","Excel Attachment","98019","Grey Worm\Inbox","2","Item Excel Attachment was opened successfully (type: IPM.Note; source: Grey Worm\Inbox; target: Grey Worm\Inbox)","8/4/2020 3:49:25 PM","8/4/2020 3:49:25 PM","Stopped","Success","3"
"USDEMO\peter.stickle","Exchange restore (Job: Office 365 Suite to Blob - 8/2/2020 6:01:26 PM)","8/4/2020 3:37:11 PM","PDF Attachment","344912","Grey Worm\Inbox","3","Item PDF Attachment was opened successfully (type: IPM.Note; source: Grey Worm\Inbox; target: Grey Worm\Inbox)","8/4/2020 3:49:40 PM","8/4/2020 3:49:40 PM","Stopped","Success","3"
"USDEMO\esteve.nobime","Exchange restore (Entire organization - 6/17/2020 6:12:42 PM)","8/4/2020 3:25:11 PM","Welcome to MyAnalytics","122507","Daenerys Targaryen\Inbox","1","Item Welcome to MyAnalytics was opened successfully (type: IPM.Note.WeveWelcome; source: Daenerys Targaryen\Inbox; target: Daenerys Targaryen\Inbox)","8/4/2020 3:26:28 PM","8/4/2020 3:26:28 PM","Stopped","Success","2"
"USDEMO\esteve.nobime","Exchange restore (Entire organization - 6/17/2020 6:12:42 PM)","8/4/2020 3:25:11 PM","You have been added to a team in Microsoft Teams","117995","Daenerys Targaryen\Inbox","2","Item You have been added to a team in Microsoft Teams was opened successfully (type: IPM.Note; source: Daenerys Targaryen\Inbox; target: Daenerys Targaryen\Inbox)","8/4/2020 3:26:56 PM","8/4/2020 3:26:56 PM","Stopped","Success","2"
"USDEMO\dustin.dasal","Exchange restore (Job: Office 365 Suite to Blob - 8/2/2020 6:01:26 PM)","8/3/2020 9:37:27 AM","Jon Snow shared ""Early Life"" with you.","121441","Arya Stark\Inbox","1","Item Jon Snow shared ""Early Life"" with you. was opened successfully (type: IPM.Note; source: Arya Stark\Inbox; target: Arya Stark\Inbox)","8/3/2020 9:38:27 AM","8/3/2020 9:38:27 AM","Stopped","Success","1"
"USDEMO\Joseph.Tucker","Exchange restore (Job: Exchange 2016 to OnPrem - 7/30/2020 6:01:30 PM)","7/31/2020 9:32:32 AM","[Success] SureBackup Job NOLA (1 machines) ","20567","Andy Perkins\Inbox","1","Item [Success] SureBackup Job NOLA (1 machines)  was opened successfully (type: IPM.Note; source: Andy Perkins\Inbox; target: Andy Perkins\Inbox)","7/31/2020 9:32:55 AM","7/31/2020 9:32:55 AM","Stopped","Success","2"
"USDEMO\andy.perkins","Exchange restore (Entire organization - 7/29/2020 6:01:59 PM)","7/30/2020 2:47:58 PM","Jon Snow shared ""Early Life"" with you.","121441","Arya Stark\Inbox","1","Item Jon Snow shared ""Early Life"" with you. was opened successfully (type: IPM.Note; source: Arya Stark\Inbox; target: Arya Stark\Inbox)","7/30/2020 2:48:31 PM","7/30/2020 2:48:31 PM","Stopped","Success","2"
"USDEMO\andy.perkins","Exchange restore (Entire organization - 7/29/2020 6:01:59 PM)","7/30/2020 2:47:58 PM","You have been added to a team in Microsoft Teams","117873","Arya Stark\Inbox","2","Item You have been added to a team in Microsoft Teams was opened successfully (type: IPM.Note; source: Arya Stark\Inbox; target: Arya Stark\Inbox)","7/30/2020 2:48:39 PM","7/30/2020 2:48:39 PM","Stopped","Success","2"
"USDEMO\esteve.nobime","Exchange restore (Job: Office 365 Suite to Blob - 7/8/2020 6:11:23 PM)","7/30/2020 11:26:50 AM","Excel Attachment","98019","Grey Worm\Inbox","1","Item Excel Attachment was opened successfully (type: IPM.Note; source: Grey Worm\Inbox; target: Grey Worm\Inbox)","7/30/2020 11:28:32 AM","7/30/2020 11:28:32 AM","Stopped","Success","1"
"USDEMO\esteve.nobime","Exchange restore (Job: Office 365 Suite to Blob - 7/8/2020 6:11:23 PM)","7/30/2020 10:53:47 AM","The new All Company group is ready","34576","All Company\Inbox","1","Item The new All Company group is ready was opened successfully (type: IPM.Note.GroupMailbox.WarmupEmail; source: All Company\Inbox; target: All Company\Inbox)","7/30/2020 10:55:34 AM","7/30/2020 10:55:34 AM","Stopped","Success","1"
"USDEMO\andy.perkins","Exchange restore (Entire organization - 7/29/2020 5:33:45 PM)","7/29/2020 5:35:31 PM","Jon Snow shared ""Early Life"" with you.","121441","Arya Stark\Inbox","1","Item Jon Snow shared ""Early Life"" with you. was opened successfully (type: IPM.Note; source: Arya Stark\Inbox; target: Arya Stark\Inbox)","7/29/2020 5:36:24 PM","7/29/2020 5:36:24 PM","Stopped","Success","1"
"USDEMO\esteve.nobime","Exchange restore (Job: Office 365 Suite to Blob - 7/16/2020 6:31:25 PM)","7/28/2020 2:37:11 PM","You have been added to a team in Microsoft Teams","114117","Arya Stark\Archive","1","Item You have been added to a team in Microsoft Teams was opened successfully (type: IPM.Note; source: Arya Stark\Archive; target: Arya Stark\Archive)","7/28/2020 2:39:00 PM","7/28/2020 2:39:00 PM","Stopped","Success","1"
"USDEMO\esteve.nobime","Exchange restore (Entire organization - 7/1/2020 6:25:29 PM)","7/14/2020 11:26:00 AM","Theon mentioned you in House Starks - Teams","126915","Arya Stark\Archive","1","Item Theon mentioned you in House Starks - Teams was opened successfully (type: IPM.Note; source: Arya Stark\Archive; target: Arya Stark\Archive)","7/14/2020 11:26:52 AM","7/14/2020 11:26:52 AM","Stopped","Success","1"
"USDEMO\esteve.nobime","Exchange restore (Job: Office 365 Suite to Blob - 6/18/2020 6:01:24 PM)","7/8/2020 3:24:30 PM","The new All Company group is ready","34576","All Company\Inbox","1","Item The new All Company group is ready was opened successfully (type: IPM.Note.GroupMailbox.WarmupEmail; source: All Company\Inbox; target: All Company\Inbox)","7/8/2020 3:25:48 PM","7/8/2020 3:25:48 PM","Stopped","Success","1"
"USDEMO\Ben.Miller","Exchange restore (Job: Office 365 Suite to Blob - 7/6/2020 6:20:17 PM)","7/7/2020 4:15:17 PM","Untitled","19731","Arya Stark\Conversation History\Team Chat","1","Item Untitled was opened successfully (type: IPM.SkypeTeams.Message; source: Arya Stark\Conversation History\Team Chat; target: Arya Stark\Conversation History\Team Chat)","7/7/2020 5:09:19 PM","7/7/2020 5:09:19 PM","Stopped","Success","1"
"USDEMO\Peter.Stickle","Exchange restore (Job: Office 365 Suite to Blob - 7/5/2020 6:13:18 PM)","7/6/2020 2:22:24 PM","Welcome to MyAnalytics","303623","Arya Stark\Inbox","1","Item Welcome to MyAnalytics was opened successfully (type: IPM.Note; source: Arya Stark\Inbox; target: Arya Stark\Inbox)","7/6/2020 2:27:20 PM","7/6/2020 2:27:20 PM","Stopped","Success","1"
"USDEMO\joseph.marton","Exchange restore (Job: Office 365 Suite to Blob - 6/30/2020 6:16:22 PM)","7/1/2020 4:22:12 PM","svc-vbr shared ""Biography"" with you.","107232","Jon Snow\Inbox","1","Item svc-vbr shared ""Biography"" with you. was opened successfully (type: IPM.Note; source: Jon Snow\Inbox; target: Jon Snow\Inbox)","7/1/2020 4:22:31 PM","7/1/2020 4:22:31 PM","Stopped","Success","1"
"USDEMO\Joseph.Tucker","Exchange restore (All organizations - 6/29/2020 6:22:03 PM)","6/30/2020 9:59:54 AM","Winter is Coming! ","586826","Theon Greyjoy\Inbox","1","Item Winter is Coming!  was opened successfully (type: IPM.Note; source: Theon Greyjoy\Inbox; target: Theon Greyjoy\Inbox)","6/30/2020 10:01:34 AM","6/30/2020 10:01:34 AM","Stopped","Success","1"
"USDEMO\esteve.nobime","Exchange restore (Entire organization - 6/28/2020 6:11:14 PM)","6/29/2020 2:46:46 PM","The new All Company group is ready","34576","All Company\Inbox","1","Item The new All Company group is ready was opened successfully (type: IPM.Note.GroupMailbox.WarmupEmail; source: All Company\Inbox; target: All Company\Inbox)","6/29/2020 2:47:50 PM","6/29/2020 2:47:50 PM","Stopped","Success","1"
"USDEMO\Ben.Miller","Exchange restore (Job: Office 365 Suite to Blob - 6/28/2020 6:11:14 PM)","6/29/2020 11:48:28 AM","The new House Lannister - Teams group is ready","34148","House Lannister - Teams\Inbox","1","Item The new House Lannister - Teams group is ready was opened successfully (type: IPM.Note.GroupMailbox.WarmupEmail; source: House Lannister - Teams\Inbox; target: House Lannister - Teams\Inbox)","6/29/2020 11:51:52 AM","6/29/2020 11:51:52 AM","Stopped","Success","1"
"USDEMO\brett.rauber","Exchange restore (Job: Office 365 Suite to Blob - 6/24/2020 6:11:17 PM)","6/25/2020 12:50:28 PM","Jon Snow shared ""Early Life"" with you.","121441","Arya Stark\Inbox","2","Item Jon Snow shared ""Early Life"" with you. was opened successfully (type: IPM.Note; source: Arya Stark\Inbox; target: Arya Stark\Inbox)","6/25/2020 12:53:07 PM","6/25/2020 12:53:07 PM","Stopped","Success","2"
"USDEMO\robert.vonmehren","Exchange restore (Entire organization - 4/12/2020 6:11:08 PM)","6/25/2020 11:20:57 AM","Untitled","19373","House Lannister - Teams\Conversation History\Team Chat","2","Item Untitled was opened successfully (type: IPM.SkypeTeams.Message; source: House Lannister - Teams\Conversation History\Team Chat; target: House Lannister - Teams\Conversation History\Team Chat)","6/25/2020 11:23:40 AM","6/25/2020 11:23:40 AM","Stopped","Success","2"
"USDEMO\Dave.Byers","Exchange restore (Job: Exchange 2016 to OnPrem - 6/22/2020 6:02:03 PM)","6/23/2020 4:23:20 PM","Your mailbox is full","14284","Dave Byers\Inbox","1","Item Your mailbox is full was opened successfully (type: IPM.Note.StorageQuotaWarning.SendReceive; source: Dave Byers\Inbox; target: Dave Byers\Inbox)","6/23/2020 4:26:04 PM","6/23/2020 4:26:04 PM","Stopped","Success","3"
"USDEMO\Dave.Byers","Exchange restore (Job: Exchange 2016 to OnPrem - 6/22/2020 6:02:03 PM)","6/23/2020 4:23:20 PM","Your mailbox is full","14284","Dave Byers\Inbox","2","Item Your mailbox is full was opened successfully (type: IPM.Note.StorageQuotaWarning.SendReceive; source: Dave Byers\Inbox; target: Dave Byers\Inbox)","6/23/2020 4:27:04 PM","6/23/2020 4:27:04 PM","Stopped","Success","3"
"USDEMO\Dave.Byers","Exchange restore (Job: Exchange 2016 to OnPrem - 6/22/2020 6:02:03 PM)","6/23/2020 4:23:20 PM","Your mailbox is full","14284","Dave Byers\Inbox","3","Item Your mailbox is full was opened successfully (type: IPM.Note.StorageQuotaWarning.SendReceive; source: Dave Byers\Inbox; target: Dave Byers\Inbox)","6/23/2020 4:29:19 PM","6/23/2020 4:29:19 PM","Stopped","Success","3"
"USDEMO\Dave.Byers","Exchange restore (Job: Exchange 2016 to OnPrem - 6/1/2020 6:01:56 PM)","6/23/2020 1:52:51 PM","[Success] Backup Configuration Job (1 machines) ","18702","Dave Byers\Inbox","1","Item [Success] Backup Configuration Job (1 machines)  was opened successfully (type: IPM.Note; source: Dave Byers\Inbox; target: Dave Byers\Inbox)","6/23/2020 1:55:22 PM","6/23/2020 1:55:22 PM","Stopped","Success","4"
"USDEMO\Dave.Byers","Exchange restore (Job: Exchange 2016 to OnPrem - 6/1/2020 6:01:56 PM)","6/23/2020 1:52:51 PM","Your mailbox is full","14284","Dave Byers\Inbox","2","Item Your mailbox is full was opened successfully (type: IPM.Note.StorageQuotaWarning.SendReceive; source: Dave Byers\Inbox; target: Dave Byers\Inbox)","6/23/2020 1:59:54 PM","6/23/2020 1:59:54 PM","Stopped","Success","4"
"USDEMO\Dave.Byers","Exchange restore (Job: Exchange 2016 to OnPrem - 6/1/2020 6:01:56 PM)","6/23/2020 1:52:51 PM","Your mailbox is full","14284","Dave Byers\Inbox","3","Item Your mailbox is full was opened successfully (type: IPM.Note.StorageQuotaWarning.SendReceive; source: Dave Byers\Inbox; target: Dave Byers\Inbox)","6/23/2020 2:00:54 PM","6/23/2020 2:00:54 PM","Stopped","Success","4"
"USDEMO\Dave.Byers","Exchange restore (Job: Exchange 2016 to OnPrem - 6/1/2020 6:01:56 PM)","6/23/2020 1:52:51 PM","Your mailbox is full","14284","Dave Byers\Inbox","4","Item Your mailbox is full was opened successfully (type: IPM.Note.StorageQuotaWarning.SendReceive; source: Dave Byers\Inbox; target: Dave Byers\Inbox)","6/23/2020 2:01:10 PM","6/23/2020 2:01:10 PM","Stopped","Success","4"
"USDEMO\esteve.nobime","Exchange restore (Job: Office 365 Suite to Blob - 6/22/2020 6:11:14 PM)","6/23/2020 9:53:35 AM","The new All Company group is ready","34576","All Company\Inbox","1","Item The new All Company group is ready was opened successfully (type: IPM.Note.GroupMailbox.WarmupEmail; source: All Company\Inbox; target: All Company\Inbox)","6/23/2020 9:54:35 AM","6/23/2020 9:54:35 AM","Stopped","Success","1"
"USDEMO\andy.perkins","Exchange restore (Entire organization - 6/19/2020 3:28:55 PM)","6/19/2020 3:29:32 PM","Jon Snow shared ""Early Life"" with you.","121441","Arya Stark\Inbox","1","Item Jon Snow shared ""Early Life"" with you. was opened successfully (type: IPM.Note; source: Arya Stark\Inbox; target: Arya Stark\Inbox)","6/19/2020 3:30:31 PM","6/19/2020 3:30:31 PM","Stopped","Success","4"
"USDEMO\esteve.nobime","Exchange restore (Entire organization - 6/2/2020 6:01:10 PM)","6/19/2020 2:40:03 PM","The new All Company group is ready","34576","All Company\Inbox","1","Item The new All Company group is ready was opened successfully (type: IPM.Note.GroupMailbox.WarmupEmail; source: All Company\Inbox; target: All Company\Inbox)","6/19/2020 2:41:01 PM","6/19/2020 2:41:01 PM","Stopped","Success","1"
"USDEMO\esteve.nobime","Exchange restore (Entire organization - 6/18/2020 6:01:24 PM)","6/19/2020 11:35:32 AM","The new All Company group is ready","34576","All Company\Inbox","1","Item The new All Company group is ready was opened successfully (type: IPM.Note.GroupMailbox.WarmupEmail; source: All Company\Inbox; target: All Company\Inbox)","6/19/2020 11:38:03 AM","6/19/2020 11:38:03 AM","Stopped","Success","1"
"USDEMO\esteve.nobime","Exchange restore (Job: Office 365 Suite to Blob - 6/4/2020 6:11:36 PM)","6/18/2020 2:50:15 PM","The new All Company group is ready","34576","All Company\Inbox","1","Item The new All Company group is ready was opened successfully (type: IPM.Note.GroupMailbox.WarmupEmail; source: All Company\Inbox; target: All Company\Inbox)","6/18/2020 2:51:18 PM","6/18/2020 2:51:18 PM","Stopped","Success","1"
"USDEMO\esteve.nobime","Exchange restore (Job: Office 365 Suite to Blob - 5/22/2020 6:10:57 PM)","6/18/2020 11:24:33 AM","The new All Company group is ready","34576","All Company\Inbox","1","Item The new All Company group is ready was opened successfully (type: IPM.Note.GroupMailbox.WarmupEmail; source: All Company\Inbox; target: All Company\Inbox)","6/18/2020 11:27:12 AM","6/18/2020 11:27:12 AM","Stopped","Success","1"
"USDEMO\esteve.nobime","Exchange restore (Entire organization - 6/17/2020 6:12:42 PM)","6/18/2020 10:51:34 AM","The new All Company group is ready","34576","All Company\Inbox","1","Item The new All Company group is ready was opened successfully (type: IPM.Note.GroupMailbox.WarmupEmail; source: All Company\Inbox; target: All Company\Inbox)","6/18/2020 10:53:03 AM","6/18/2020 10:53:03 AM","Stopped","Success","1"
"USDEMO\Ben.Miller","Exchange restore (Job: Office 365 Suite to Blob - 6/17/2020 6:12:42 PM)","6/18/2020 9:55:09 AM","You have been added to a team in Microsoft Teams","115050","Daenerys Targaryen\Inbox","1","Item You have been added to a team in Microsoft Teams was opened successfully (type: IPM.Note; source: Daenerys Targaryen\Inbox; target: Daenerys Targaryen\Inbox)","6/18/2020 11:40:15 AM","6/18/2020 11:40:15 AM","Stopped","Success","1"
"USDEMO\Joseph.Tucker","Exchange restore (Job: Exchange 2016 to OnPrem - 6/16/2020 6:01:34 PM)","6/17/2020 8:56:46 AM","[Veeam ONE Monitor] Alarm - Backup Copy job state for ATLISECENTRAL has been changed to Error (previous state: Error)","19827","Ben Miller\Inbox","1","Item [Veeam ONE Monitor] Alarm - Backup Copy job state for ATLISECENTRAL has been changed to Error (previous state: Error) was opened successfully (type: IPM.Note; source: Ben Miller\Inbox; target: Ben Miller\Inbox)","6/17/2020 8:58:03 AM","6/17/2020 8:58:03 AM","Stopped","Success","9"
"USDEMO\Joseph.Tucker","Exchange restore (Job: Exchange 2016 to OnPrem - 6/16/2020 6:01:34 PM)","6/17/2020 8:56:46 AM","[Veeam ONE Monitor] Alarm - Backup job state for ATLISEWEST has been changed to Warning (previous state: Warning)","19388","Ben Miller\Inbox","2","Item [Veeam ONE Monitor] Alarm - Backup job state for ATLISEWEST has been changed to Warning (previous state: Warning) was opened successfully (type: IPM.Note; source: Ben Miller\Inbox; target: Ben Miller\Inbox)","6/17/2020 8:58:33 AM","6/17/2020 8:58:33 AM","Stopped","Success","9"
"USDEMO\Joseph.Tucker","Exchange restore (Job: Exchange 2016 to OnPrem - 6/16/2020 6:01:34 PM)","6/17/2020 8:56:46 AM","[Warning] VMware - Veeam Explorers (3 machines) 3 warnings","37645","Ben Miller\Inbox","3","Item [Warning] VMware - Veeam Explorers (3 machines) 3 warnings was opened successfully (type: IPM.Note; source: Ben Miller\Inbox; target: Ben Miller\Inbox)","6/17/2020 8:58:41 AM","6/17/2020 8:58:41 AM","Stopped","Success","9"
"USDEMO\Joseph.Tucker","Exchange restore (Job: Exchange 2016 to OnPrem - 6/16/2020 6:01:34 PM)","6/17/2020 8:56:46 AM","Your mailbox is full","14416","Alex Pelissier\Inbox","4","Item Your mailbox is full was opened successfully (type: IPM.Note.StorageQuotaWarning.SendReceive; source: Alex Pelissier\Inbox; target: Alex Pelissier\Inbox)","6/17/2020 8:59:47 AM","6/17/2020 8:59:47 AM","Stopped","Success","9"
"USDEMO\Joseph.Tucker","Exchange restore (Job: Exchange 2016 to OnPrem - 6/16/2020 6:01:34 PM)","6/17/2020 8:56:46 AM","[Veeam ONE Monitor] Alarm - Latest checkpoint age for ATLHVLinux01 has been changed to Warning (previous state: Reset/resolved)","18345","Andy Perkins\Inbox","5","Item [Veeam ONE Monitor] Alarm - Latest checkpoint age for ATLHVLinux01 has been changed to Warning (previous state: Reset/resolved) was opened successfully (type: IPM.Note; source: Andy Perkins\Inbox; target: Andy Perkins\Inbox)","6/17/2020 9:00:20 AM","6/17/2020 9:00:20 AM","Stopped","Success","9"
"USDEMO\Joseph.Tucker","Exchange restore (Job: Exchange 2016 to OnPrem - 6/16/2020 6:01:34 PM)","6/17/2020 8:56:46 AM","[Success] HyperV - Replication (3 machines) ","23541","Andy Perkins\Inbox","6","Item [Success] HyperV - Replication (3 machines)  was opened successfully (type: IPM.Note; source: Andy Perkins\Inbox; target: Andy Perkins\Inbox)","6/17/2020 9:00:53 AM","6/17/2020 9:00:53 AM","Stopped","Success","9"
"USDEMO\Joseph.Tucker","Exchange restore (Job: Exchange 2016 to OnPrem - 6/16/2020 6:01:34 PM)","6/17/2020 8:56:46 AM","[Veeam ONE Monitor] Alarm - Backup job state for ATLISEWEST has been changed to Reset/resolved (previous state: Error)","18487","Andy Perkins\Inbox","8","Item [Veeam ONE Monitor] Alarm - Backup job state for ATLISEWEST has been changed to Reset/resolved (previous state: Error) was opened successfully (type: IPM.Note; source: Andy Perkins\Inbox; target: Andy Perkins\Inbox)","6/17/2020 9:05:59 AM","6/17/2020 9:05:59 AM","Stopped","Success","9"
"USDEMO\Joseph.Tucker","Exchange restore (Job: Exchange 2016 to OnPrem - 6/16/2020 6:01:34 PM)","6/17/2020 8:56:46 AM","[Veeam ONE Monitor] Alarm - Backup job state for ATLISEWEST has been changed to Reset/resolved (previous state: Error)","18487","Andy Perkins\Inbox","9","Item [Veeam ONE Monitor] Alarm - Backup job state for ATLISEWEST has been changed to Reset/resolved (previous state: Error) was opened successfully (type: IPM.Note; source: Andy Perkins\Inbox; target: Andy Perkins\Inbox)","6/17/2020 9:08:08 AM","6/17/2020 9:08:08 AM","Stopped","Success","9"
"USDEMO\Peter.Stickle","Exchange restore (All organizations - 6/16/2020 11:40:34 AM)","6/16/2020 2:47:44 PM","[Failed] VMware - Win/Linux -> Azure Blob (2 machines) 2 failed","43813","Alex Pelissier\Inbox","1","Item [Failed] VMware - Win/Linux -> Azure Blob (2 machines) 2 failed was opened successfully (type: IPM.Note; source: Alex Pelissier\Inbox; target: Alex Pelissier\Inbox)","6/16/2020 2:49:32 PM","6/16/2020 2:49:32 PM","Stopped","Success","9"
"USDEMO\Peter.Stickle","Exchange restore (All organizations - 6/16/2020 11:40:34 AM)","6/16/2020 2:47:44 PM","[Veeam ONE Monitor] Alarm - Backup job state for ATLISEWEST has been changed to Warning (previous state: Warning)","19412","Alex Pelissier\Inbox","2","Item [Veeam ONE Monitor] Alarm - Backup job state for ATLISEWEST has been changed to Warning (previous state: Warning) was opened successfully (type: IPM.Note; source: Alex Pelissier\Inbox; target: Alex Pelissier\Inbox)","6/16/2020 3:08:49 PM","6/16/2020 3:08:49 PM","Stopped","Success","9"
"USDEMO\Peter.Stickle","Exchange restore (All organizations - 6/16/2020 11:40:34 AM)","6/16/2020 2:47:44 PM","[Veeam ONE Monitor] Alarm - Backup job state for ATLISEWEST has been changed to Warning (previous state: Warning)","19412","Alex Pelissier\Inbox","3","Item [Veeam ONE Monitor] Alarm - Backup job state for ATLISEWEST has been changed to Warning (previous state: Warning) was opened successfully (type: IPM.Note; source: Alex Pelissier\Inbox; target: Alex Pelissier\Inbox)","6/16/2020 3:09:00 PM","6/16/2020 3:09:00 PM","Stopped","Success","9"
"USDEMO\Peter.Stickle","Exchange restore (All organizations - 6/16/2020 11:40:34 AM)","6/16/2020 2:47:44 PM","[Failed] backup copy cloud connect (2 machines) 1 failed","23369","Alex Pelissier\Inbox","4","Item [Failed] backup copy cloud connect (2 machines) 1 failed was opened successfully (type: IPM.Note; source: Alex Pelissier\Inbox; target: Alex Pelissier\Inbox)","6/16/2020 3:09:04 PM","6/16/2020 3:09:04 PM","Stopped","Success","9"
"USDEMO\Peter.Stickle","Exchange restore (All organizations - 6/16/2020 11:40:34 AM)","6/16/2020 2:47:44 PM","[Veeam ONE Monitor] Alarm - Backup job state for ATLOSECENTRAL has been changed to Warning (previous state: Warning)","19111","Alex Pelissier\Inbox","5","Item [Veeam ONE Monitor] Alarm - Backup job state for ATLOSECENTRAL has been changed to Warning (previous state: Warning) was opened successfully (type: IPM.Note; source: Alex Pelissier\Inbox; target: Alex Pelissier\Inbox)","6/16/2020 3:09:11 PM","6/16/2020 3:09:11 PM","Stopped","Success","9"
"USDEMO\Peter.Stickle","Exchange restore (All organizations - 6/16/2020 11:40:34 AM)","6/16/2020 2:47:44 PM","[Veeam ONE Monitor] Alarm - Backup job state for ATLISEWEST has been changed to Warning (previous state: Warning)","19410","Alex Pelissier\Inbox","6","Item [Veeam ONE Monitor] Alarm - Backup job state for ATLISEWEST has been changed to Warning (previous state: Warning) was opened successfully (type: IPM.Note; source: Alex Pelissier\Inbox; target: Alex Pelissier\Inbox)","6/16/2020 3:09:28 PM","6/16/2020 3:09:28 PM","Stopped","Success","9"
"USDEMO\Peter.Stickle","Exchange restore (All organizations - 6/16/2020 11:40:34 AM)","6/16/2020 2:47:44 PM","[Veeam ONE Monitor] Alarm - Backup job state for ATLISECENTRAL has been changed to Warning (previous state: Error)","19071","Alex Pelissier\Inbox","7","Item [Veeam ONE Monitor] Alarm - Backup job state for ATLISECENTRAL has been changed to Warning (previous state: Error) was opened successfully (type: IPM.Note; source: Alex Pelissier\Inbox; target: Alex Pelissier\Inbox)","6/16/2020 3:09:35 PM","6/16/2020 3:09:35 PM","Stopped","Success","9"
"USDEMO\Peter.Stickle","Exchange restore (All organizations - 6/16/2020 11:40:34 AM)","6/16/2020 2:47:44 PM","[Veeam ONE Monitor] Alarm - Backup job state for ATLISEWEST has been changed to Warning (previous state: Warning)","19410","Alex Pelissier\Inbox","8","Item [Veeam ONE Monitor] Alarm - Backup job state for ATLISEWEST has been changed to Warning (previous state: Warning) was opened successfully (type: IPM.Note; source: Alex Pelissier\Inbox; target: Alex Pelissier\Inbox)","6/16/2020 3:09:43 PM","6/16/2020 3:09:43 PM","Stopped","Success","9"
"USDEMO\Peter.Stickle","Exchange restore (All organizations - 6/16/2020 11:40:34 AM)","6/16/2020 2:47:44 PM","[Failed] VMWare - Surebackup (2 machines) ","21936","Alex Pelissier\Inbox","9","Item [Failed] VMWare - Surebackup (2 machines)  was opened successfully (type: IPM.Note; source: Alex Pelissier\Inbox; target: Alex Pelissier\Inbox)","6/16/2020 3:09:53 PM","6/16/2020 3:09:53 PM","Stopped","Success","9"
"USDEMO\andy.perkins","Exchange restore (Entire organization - 6/16/2020 11:40:34 AM)","6/16/2020 11:44:02 AM","Welcome to MyAnalytics","122507","Daenerys Targaryen\Inbox","1","Item Welcome to MyAnalytics was opened successfully (type: IPM.Note.WeveWelcome; source: Daenerys Targaryen\Inbox; target: Daenerys Targaryen\Inbox)","6/16/2020 11:44:33 AM","6/16/2020 11:44:33 AM","Stopped","Success","3"
"USDEMO\Esteve.Nobime","Exchange restore (Entire organization - 6/4/2020 6:11:36 PM)","6/15/2020 2:21:54 PM","You have been added to a team in Microsoft Teams","114117","Arya Stark\Archive","1","Item You have been added to a team in Microsoft Teams was opened successfully (type: IPM.Note; source: Arya Stark\Archive; target: Arya Stark\Archive)","6/15/2020 2:24:55 PM","6/15/2020 2:24:55 PM","Stopped","Success","1"
"USDEMO\Esteve.Nobime","Exchange restore (Job: Office 365 Suite to Blob - 6/1/2020 6:11:15 PM)","6/15/2020 12:30:17 PM","The new All Company group is ready","34576","All Company\Inbox","1","Item The new All Company group is ready was opened successfully (type: IPM.Note.GroupMailbox.WarmupEmail; source: All Company\Inbox; target: All Company\Inbox)","6/15/2020 12:31:06 PM","6/15/2020 12:31:06 PM","Stopped","Success","1"
"USDEMO\Robert.VonMehren","Exchange restore (Entire organization - 4/5/2020 6:16:15 PM)","6/15/2020 10:13:28 AM","Untitled","19398","House Lannister - Teams\Conversation History\Team Chat","1","Item Untitled was opened successfully (type: IPM.SkypeTeams.Message; source: House Lannister - Teams\Conversation History\Team Chat; target: House Lannister - Teams\Conversation History\Team Chat)","6/15/2020 10:15:30 AM","6/15/2020 10:15:30 AM","Stopped","Success","1"
"USDEMO\Esteve.Nobime","Exchange restore (Job: Office 365 Suite to Blob - 6/11/2020 6:13:50 PM)","6/12/2020 3:51:04 PM","The new All Company group is ready","34576","All Company\Inbox","1","Item The new All Company group is ready was opened successfully (type: IPM.Note.GroupMailbox.WarmupEmail; source: All Company\Inbox; target: All Company\Inbox)","6/12/2020 3:51:37 PM","6/12/2020 3:51:37 PM","Stopped","Success","1"
"USDEMO\Esteve.Nobime","Exchange restore (Job: Office 365 Suite to Blob - 5/21/2020 6:11:07 PM)","6/11/2020 1:21:00 PM","The new All Company group is ready","34576","All Company\Inbox","1","Item The new All Company group is ready was opened successfully (type: IPM.Note.GroupMailbox.WarmupEmail; source: All Company\Inbox; target: All Company\Inbox)","6/11/2020 1:34:33 PM","6/11/2020 1:34:33 PM","Stopped","Success","1"
"USDEMO\Esteve.Nobime","Exchange restore (Entire organization - 6/10/2020 6:14:59 PM)","6/11/2020 10:29:42 AM","The new All Company group is ready","34576","All Company\Inbox","1","Item The new All Company group is ready was opened successfully (type: IPM.Note.GroupMailbox.WarmupEmail; source: All Company\Inbox; target: All Company\Inbox)","6/11/2020 10:31:08 AM","6/11/2020 10:31:08 AM","Stopped","Success","1"
"USDEMO\brandon.mccoy","Exchange restore (All organizations - 6/4/2020 6:13:27 PM)","6/5/2020 3:44:30 PM","Untitled","19491","Jaime Lannister\Conversation History\Team Chat","1","Item Untitled was opened successfully (type: IPM.SkypeTeams.Message; source: Jaime Lannister\Conversation History\Team Chat; target: Jaime Lannister\Conversation History\Team Chat)","6/5/2020 3:45:00 PM","6/5/2020 3:45:00 PM","Stopped","Success","3"
"USDEMO\brandon.mccoy","Exchange restore (All organizations - 6/4/2020 6:13:27 PM)","6/5/2020 3:44:30 PM","Untitled","442548","Jaime Lannister\Conversation History\Team Chat","2","Item Untitled was opened successfully (type: IPM.SkypeTeams.Message; source: Jaime Lannister\Conversation History\Team Chat; target: Jaime Lannister\Conversation History\Team Chat)","6/5/2020 3:45:04 PM","6/5/2020 3:45:04 PM","Stopped","Success","3"
"USDEMO\brandon.mccoy","Exchange restore (All organizations - 6/4/2020 6:13:27 PM)","6/5/2020 3:44:30 PM","You have been added to a team in Microsoft Teams","117873","Arya Stark\Inbox","3","Item You have been added to a team in Microsoft Teams was opened successfully (type: IPM.Note; source: Arya Stark\Inbox; target: Arya Stark\Inbox)","6/5/2020 3:45:27 PM","6/5/2020 3:45:27 PM","Stopped","Success","3"
"USDEMO\Jim.Carter","Exchange restore (Job: Exchange 2016 to OnPrem - 6/3/2020 6:04:57 PM)","6/4/2020 4:10:28 PM","Your mailbox is full","14383","Brian Speerly\Inbox","1","Item Your mailbox is full was opened successfully (type: IPM.Note.StorageQuotaWarning.SendReceive; source: Brian Speerly\Inbox; target: Brian Speerly\Inbox)","6/4/2020 4:11:59 PM","6/4/2020 4:11:59 PM","Stopped","Success","1"
"USDEMO\Robert.VonMehren","Exchange restore (Entire organization - 4/12/2020 6:11:08 PM)","6/4/2020 10:12:08 AM","Untitled","19398","House Lannister - Teams\Conversation History\Team Chat","1","Item Untitled was opened successfully (type: IPM.SkypeTeams.Message; source: House Lannister - Teams\Conversation History\Team Chat; target: House Lannister - Teams\Conversation History\Team Chat)","6/4/2020 10:13:25 AM","6/4/2020 10:13:25 AM","Stopped","Success","1"
"USDEMO\andy.perkins","Exchange restore (Entire organization - 5/27/2020 6:01:49 PM)","5/28/2020 9:35:32 AM","[Veeam ONE Monitor] Alarm - Backup Copy job state for ATLISECENTRAL has been changed to Error (previous state: Reset/resolved)","18473","Andy Perkins\Inbox","1","Item [Veeam ONE Monitor] Alarm - Backup Copy job state for ATLISECENTRAL has been changed to Error (previous state: Reset/resolved) was opened with warning: Object was not found. The object could be deleted or moved to another folder. (type: IPM.Note; source: Andy Perkins\Inbox; target: Andy Perkins\Inbox)","5/28/2020 9:39:45 AM","5/28/2020 9:39:55 AM","Stopped","Warning","1"
"USDEMO\andy.perkins","Exchange restore (Job: Office 365 Suite to Blob - 5/12/2020 6:11:26 PM)","5/13/2020 12:28:46 PM","You have been added to a team in Microsoft Teams","117873","Arya Stark\Inbox","1","Item You have been added to a team in Microsoft Teams was opened successfully (type: IPM.Note; source: Arya Stark\Inbox; target: Arya Stark\Inbox)","5/13/2020 12:31:47 PM","5/13/2020 12:31:47 PM","Stopped","Success","1"
"USDEMO\andy.perkins","Exchange restore (Entire organization - 5/11/2020 6:01:51 PM)","5/12/2020 10:36:22 AM","[Failed] Cloud Connect Immutable\VMware - Cloudian Immutable (1 machines) 1 failed","21606","Andy Perkins\Inbox","23","Item [Failed] Cloud Connect Immutable\VMware - Cloudian Immutable (1 machines) 1 failed was opened successfully (type: IPM.Note; source: Andy Perkins\Inbox; target: Andy Perkins\Inbox)","5/12/2020 10:41:48 AM","5/12/2020 10:41:48 AM","Stopped","Success","23"
"USDEMO\andy.perkins","Exchange restore (Entire organization - 5/10/2020 6:21:14 PM)","5/11/2020 2:52:47 PM","You have been added to a team in Microsoft Teams","115638","Grey Worm\Inbox","1","Item You have been added to a team in Microsoft Teams was opened successfully (type: IPM.Note; source: Grey Worm\Inbox; target: Grey Worm\Inbox)","5/11/2020 2:53:22 PM","5/11/2020 2:53:22 PM","Stopped","Success","1"
"USDEMO\andy.perkins","Exchange restore (Entire organization - 5/7/2020 6:02:59 PM)","5/8/2020 11:24:12 AM","[Failed] Cloud Connect Immutable\VMware - Cloudian Immutable (1 machines) 1 failed","21621","Andy Perkins\Inbox","15","Item [Failed] Cloud Connect Immutable\VMware - Cloudian Immutable (1 machines) 1 failed was opened successfully (type: IPM.Note; source: Andy Perkins\Inbox; target: Andy Perkins\Inbox)","5/8/2020 11:26:39 AM","5/8/2020 11:26:39 AM","Stopped","Success","15"
"USDEMO\Dave.Byers","Exchange restore (Job: Exchange 2016 to On Prem - 5/7/2020 6:02:59 PM)","5/8/2020 10:10:57 AM","Your mailbox is full","14284","Dave Byers\Inbox","1","Item Your mailbox is full was opened successfully (type: IPM.Note.StorageQuotaWarning.SendReceive; source: Dave Byers\Inbox; target: Dave Byers\Inbox)","5/8/2020 10:12:14 AM","5/8/2020 10:12:14 AM","Stopped","Success","1"
"USDEMO\Dave.Byers","Exchange restore (Job: Exchange 2016 to On Prem - 5/5/2020 6:02:01 PM)","5/8/2020 9:43:42 AM","Your mailbox is full","14284","Dave Byers\Inbox","1","Item Your mailbox is full was opened successfully (type: IPM.Note.StorageQuotaWarning.SendReceive; source: Dave Byers\Inbox; target: Dave Byers\Inbox)","5/8/2020 9:44:11 AM","5/8/2020 9:44:11 AM","Stopped","Success","6"
"USDEMO\Dave.Byers","Exchange restore (Job: Exchange 2016 to On Prem - 5/5/2020 6:02:01 PM)","5/8/2020 9:43:42 AM","Your mailbox is full","14284","Dave Byers\Inbox","2","Item Your mailbox is full was opened successfully (type: IPM.Note.StorageQuotaWarning.SendReceive; source: Dave Byers\Inbox; target: Dave Byers\Inbox)","5/8/2020 9:45:13 AM","5/8/2020 9:45:13 AM","Stopped","Success","6"
"USDEMO\Dave.Byers","Exchange restore (Job: Exchange 2016 to On Prem - 5/5/2020 6:02:01 PM)","5/8/2020 9:43:42 AM","Your mailbox is full","14284","Dave Byers\Inbox","3","Item Your mailbox is full was opened successfully (type: IPM.Note.StorageQuotaWarning.SendReceive; source: Dave Byers\Inbox; target: Dave Byers\Inbox)","5/8/2020 9:46:09 AM","5/8/2020 9:46:09 AM","Stopped","Success","6"
"USDEMO\Dave.Byers","Exchange restore (Job: Exchange 2016 to On Prem - 5/5/2020 6:02:01 PM)","5/8/2020 9:43:42 AM","Your mailbox is full","14284","Dave Byers\Inbox","4","Item Your mailbox is full was opened successfully (type: IPM.Note.StorageQuotaWarning.SendReceive; source: Dave Byers\Inbox; target: Dave Byers\Inbox)","5/8/2020 9:48:08 AM","5/8/2020 9:48:08 AM","Stopped","Success","6"
"USDEMO\Dave.Byers","Exchange restore (Job: Exchange 2016 to On Prem - 5/5/2020 6:02:01 PM)","5/8/2020 9:43:42 AM","Your mailbox is full","14284","Dave Byers\Inbox","5","Item Your mailbox is full was opened successfully (type: IPM.Note.StorageQuotaWarning.SendReceive; source: Dave Byers\Inbox; target: Dave Byers\Inbox)","5/8/2020 9:48:30 AM","5/8/2020 9:48:30 AM","Stopped","Success","6"
"USDEMO\Dave.Byers","Exchange restore (Job: Exchange 2016 to On Prem - 5/5/2020 6:02:01 PM)","5/8/2020 9:43:42 AM","[Success] Backup Copy Job - to SP (1 machines) ","20762","Dave Byers\Inbox","6","Item [Success] Backup Copy Job - to SP (1 machines)  was opened successfully (type: IPM.Note; source: Dave Byers\Inbox; target: Dave Byers\Inbox)","5/8/2020 9:50:22 AM","5/8/2020 9:50:22 AM","Stopped","Success","6"
"USDEMO\Dave.Byers","Exchange restore (Job: Exchange 2016 to On Prem - 5/6/2020 6:01:41 PM)","5/7/2020 1:38:23 PM","Your mailbox is full","14284","Dave Byers\Inbox","1","Item Your mailbox is full was opened successfully (type: IPM.Note.StorageQuotaWarning.SendReceive; source: Dave Byers\Inbox; target: Dave Byers\Inbox)","5/7/2020 1:39:15 PM","5/7/2020 1:39:15 PM","Stopped","Success","1"
"USDEMO\Esteve.Nobime","Exchange restore (Entire organization - 5/5/2020 6:11:16 PM)","5/7/2020 11:26:31 AM","You've joined the Real Estate group","372536","Arya Stark\Archive","1","Item You've joined the Real Estate group was opened successfully (type: IPM.Note.GroupMailbox.WelcomeEmail; source: Arya Stark\Archive; target: Arya Stark\Archive)","5/7/2020 11:28:22 AM","5/7/2020 11:28:22 AM","Stopped","Success","1"
"USDEMO\Esteve.Nobime","Exchange restore (Job: Office 365 Suite to Blob - 5/4/2020 6:21:17 PM)","5/5/2020 11:50:53 AM","The new All Company group is ready","34576","All Company\Inbox","1","Item The new All Company group is ready was opened successfully (type: IPM.Note.GroupMailbox.WarmupEmail; source: All Company\Inbox; target: All Company\Inbox)","5/5/2020 11:55:41 AM","5/5/2020 11:55:41 AM","Stopped","Success","1"
"USDEMO\Esteve.Nobime","Exchange restore (Entire organization - 4/15/2020 6:13:13 PM)","4/30/2020 3:22:49 PM","You have been added to a team in Microsoft Teams","117873","Arya Stark\Inbox","1","Item You have been added to a team in Microsoft Teams was opened successfully (type: IPM.Note; source: Arya Stark\Inbox; target: Arya Stark\Inbox)","4/30/2020 3:25:16 PM","4/30/2020 3:25:16 PM","Stopped","Success","1"
"USDEMO\robert.vonmehren","Exchange restore (Entire organization - 3/30/2020 6:11:20 PM)","4/30/2020 11:15:04 AM","Untitled","19398","House Lannister - Teams\Conversation History\Team Chat","1","Item Untitled was opened successfully (type: IPM.SkypeTeams.Message; source: House Lannister - Teams\Conversation History\Team Chat; target: House Lannister - Teams\Conversation History\Team Chat)","4/30/2020 11:17:29 AM","4/30/2020 11:17:29 AM","Stopped","Success","1"
"USDEMO\joshua.shapiro","Exchange restore (Job: Office 365 Suite to Blob - 4/15/2020 6:13:13 PM)","4/21/2020 2:39:43 PM","Untitled","19620","Jon Snow\Conversation History\Team Chat","1","Item Untitled was opened successfully (type: IPM.SkypeTeams.Message; source: Jon Snow\Conversation History\Team Chat; target: Jon Snow\Conversation History\Team Chat)","4/21/2020 2:40:16 PM","4/21/2020 2:40:16 PM","Stopped","Success","2"
"USDEMO\joshua.shapiro","Exchange restore (Job: Office 365 Suite to Blob - 4/15/2020 6:13:13 PM)","4/21/2020 2:39:43 PM","[Success] VMware - Linux VMs (8 machines) ","33714","Jon Snow\Inbox","2","Item [Success] VMware - Linux VMs (8 machines)  was opened successfully (type: IPM.Note; source: Jon Snow\Inbox; target: Jon Snow\Inbox)","4/21/2020 2:40:33 PM","4/21/2020 2:40:33 PM","Stopped","Success","2"
"USDEMO\brett.rauber","Exchange restore (Entire organization - 4/20/2020 6:01:55 PM)","4/21/2020 11:32:54 AM","[Success] VMware - Linux VMs (7 machines) ","30433","Brett Rauber\Inbox","1","Item [Success] VMware - Linux VMs (7 machines)  was opened with warning: Object was not found. The object could be deleted or moved to another folder. (type: IPM.Note; source: Brett Rauber\Inbox; target: Brett Rauber\Inbox)","4/21/2020 11:34:55 AM","4/21/2020 11:34:56 AM","Stopped","Warning","3"
"USDEMO\Esteve.Nobime","Exchange restore (Job: Office 365 Suite to Blob - 4/2/2020 6:21:14 PM)","4/21/2020 11:23:34 AM","Theon mentioned you in House Starks - Teams","126915","Arya Stark\Archive","1","Item Theon mentioned you in House Starks - Teams was opened successfully (type: IPM.Note; source: Arya Stark\Archive; target: Arya Stark\Archive)","4/21/2020 11:25:08 AM","4/21/2020 11:25:08 AM","Stopped","Success","1"
"USDEMO\Joseph.Tucker","Exchange restore (Job: Office 365 Suite to Blob - 4/20/2020 6:11:10 PM)","4/21/2020 11:14:31 AM","The new House Starks - Teams group is ready","34025","House Starks - Teams\Inbox","1","Item The new House Starks - Teams group is ready was opened successfully (type: IPM.Note.GroupMailbox.WarmupEmail; source: House Starks - Teams\Inbox; target: House Starks - Teams\Inbox)","4/21/2020 11:15:04 AM","4/21/2020 11:15:04 AM","Stopped","Success","1"
"USDEMO\joshua.shapiro","Exchange restore (Job: Office 365 Suite to Blob - 4/15/2020 6:13:13 PM)","4/21/2020 11:12:05 AM","Untitled","19620","Jon Snow\Conversation History\Team Chat","1","Item Untitled was opened successfully (type: IPM.SkypeTeams.Message; source: Jon Snow\Conversation History\Team Chat; target: Jon Snow\Conversation History\Team Chat)","4/21/2020 11:12:38 AM","4/21/2020 11:12:38 AM","Stopped","Success","2"
"USDEMO\joshua.shapiro","Exchange restore (Job: Office 365 Suite to Blob - 4/15/2020 6:13:13 PM)","4/21/2020 11:12:05 AM","Scale-out Backup Repository: SOBR + S3 Bucket","23516","Jon Snow\Inbox","2","Item Scale-out Backup Repository: SOBR + S3 Bucket was opened successfully (type: IPM.Note; source: Jon Snow\Inbox; target: Jon Snow\Inbox)","4/21/2020 11:12:52 AM","4/21/2020 11:12:52 AM","Stopped","Success","2"
"USDEMO\Joseph.Tucker","Exchange restore (Job: Office 365 Suite to Blob - 4/20/2020 6:11:10 PM)","4/21/2020 10:07:11 AM","Winter is Coming! ","949716","Jon Snow\Inbox","1","Item Winter is Coming!  was opened successfully (type: IPM.Note; source: Jon Snow\Inbox; target: Jon Snow\Inbox)","4/21/2020 10:08:45 AM","4/21/2020 10:08:45 AM","Stopped","Success","3"
"USDEMO\Joseph.Tucker","Exchange restore (Job: Office 365 Suite to Blob - 4/20/2020 6:11:10 PM)","4/21/2020 10:07:11 AM","svc-vbr is inviting you to collaborate on Sales site collection","217651","Jon Snow\Inbox","2","Item svc-vbr is inviting you to collaborate on Sales site collection was opened successfully (type: IPM.Note; source: Jon Snow\Inbox; target: Jon Snow\Inbox)","4/21/2020 10:09:12 AM","4/21/2020 10:09:12 AM","Stopped","Success","3"
"USDEMO\Joseph.Tucker","Exchange restore (Job: Office 365 Suite to Blob - 4/20/2020 6:11:10 PM)","4/21/2020 10:07:11 AM","Winter is Coming! ","949716","Jon Snow\Inbox","3","Item Winter is Coming!  was opened successfully (type: IPM.Note; source: Jon Snow\Inbox; target: Jon Snow\Inbox)","4/21/2020 10:09:21 AM","4/21/2020 10:09:21 AM","Stopped","Success","3"
"USDEMO\Dave.Byers","Exchange restore (Job: Exchange 2016 to On Prem - 4/16/2020 6:02:10 PM)","4/17/2020 12:00:49 PM","Your mailbox is full","14284","Dave Byers\Inbox","1","Item Your mailbox is full was opened successfully (type: IPM.Note.StorageQuotaWarning.SendReceive; source: Dave Byers\Inbox; target: Dave Byers\Inbox)","4/17/2020 12:01:18 PM","4/17/2020 12:01:18 PM","Stopped","Success","1"
"USDEMO\joshua.shapiro","Exchange restore (Job: Exchange 2016 to On Prem - 4/9/2020 6:01:41 PM)","4/16/2020 3:27:24 PM","[Success] Backup Copy Job 1 (1 machines) ","20753","Beason Wilkes\Inbox","1","Item [Success] Backup Copy Job 1 (1 machines)  was opened successfully (type: IPM.Note; source: Beason Wilkes\Inbox; target: Beason Wilkes\Inbox)","4/16/2020 3:28:12 PM","4/16/2020 3:28:12 PM","Stopped","Success","1"
"USDEMO\joshua.shapiro","Exchange restore (Entire organization - 4/8/2020 6:21:15 PM)","4/15/2020 12:14:43 PM","Untitled","19620","Jon Snow\Conversation History\Team Chat","1","Item Untitled was opened successfully (type: IPM.SkypeTeams.Message; source: Jon Snow\Conversation History\Team Chat; target: Jon Snow\Conversation History\Team Chat)","4/15/2020 12:15:49 PM","4/15/2020 12:15:49 PM","Stopped","Success","2"
"USDEMO\joshua.shapiro","Exchange restore (Entire organization - 4/8/2020 6:21:15 PM)","4/15/2020 12:14:43 PM","[Success] ATLOSEEAST - Linux (1 machines) 0 Issues","19737","Jon Snow\Inbox","2","Item [Success] ATLOSEEAST - Linux (1 machines) 0 Issues was opened successfully (type: IPM.Note; source: Jon Snow\Inbox; target: Jon Snow\Inbox)","4/15/2020 12:16:31 PM","4/15/2020 12:16:31 PM","Stopped","Success","2"
"USDEMO\Dustin.Dasal","Exchange restore (Job: Office 365 Suite to Blob - 4/14/2020 6:17:03 PM)","4/15/2020 11:57:40 AM","You have been added to a team in Microsoft Teams","117873","Arya Stark\Inbox","1","Item You have been added to a team in Microsoft Teams was opened successfully (type: IPM.Note; source: Arya Stark\Inbox; target: Arya Stark\Inbox)","4/15/2020 11:58:27 AM","4/15/2020 11:58:27 AM","Stopped","Success","1"
"USDEMO\joshua.shapiro","Exchange restore (Job: Exchange 2016 to On Prem - 4/7/2020 6:02:21 PM)","4/14/2020 11:11:16 AM","[Veeam ONE Monitor] Alarm - Backup job state for ATLOSECENTRAL has been changed to Warning (previous state: Warning)","19095","Beason Wilkes\Inbox","1","Item [Veeam ONE Monitor] Alarm - Backup job state for ATLOSECENTRAL has been changed to Warning (previous state: Warning) was opened successfully (type: IPM.Note; source: Beason Wilkes\Inbox; target: Beason Wilkes\Inbox)","4/14/2020 11:12:20 AM","4/14/2020 11:12:20 AM","Stopped","Success","1"
"USDEMO\joshua.shapiro","Exchange restore (Job: Office 365 Suite to Blob - 3/31/2020 6:17:11 PM)","4/9/2020 12:15:09 PM","Scale-out Backup Repository: SOBR + S3 Bucket","23515","Jon Snow\Inbox","1","Item Scale-out Backup Repository: SOBR + S3 Bucket was opened successfully (type: IPM.Note; source: Jon Snow\Inbox; target: Jon Snow\Inbox)","4/9/2020 12:15:45 PM","4/9/2020 12:15:45 PM","Stopped","Success","1"
"USDEMO\joshua.shapiro","Exchange restore (Entire organization - 4/1/2020 6:15:09 PM)","4/8/2020 2:20:54 PM","Untitled","20812","Jon Snow\Conversation History\Team Chat","1","Item Untitled was opened successfully (type: IPM.SkypeTeams.Message; source: Jon Snow\Conversation History\Team Chat; target: Jon Snow\Conversation History\Team Chat)","4/8/2020 2:21:29 PM","4/8/2020 2:21:29 PM","Stopped","Success","2"
"USDEMO\joshua.shapiro","Exchange restore (Entire organization - 4/1/2020 6:15:09 PM)","4/8/2020 2:20:54 PM","[Success] VMware - Veeam Explorers (3 machines) ","26636","Jon Snow\Inbox","2","Item [Success] VMware - Veeam Explorers (3 machines)  was opened successfully (type: IPM.Note; source: Jon Snow\Inbox; target: Jon Snow\Inbox)","4/8/2020 2:22:13 PM","4/8/2020 2:22:13 PM","Stopped","Success","2"
"USDEMO\Esteve.Nobime","Exchange restore (Entire organization - 4/6/2020 6:01:14 PM)","4/7/2020 11:10:47 AM","You've joined the Real Estate group","372536","Arya Stark\Archive","1","Item You've joined the Real Estate group was opened successfully (type: IPM.Note.GroupMailbox.WelcomeEmail; source: Arya Stark\Archive; target: Arya Stark\Archive)","4/7/2020 11:11:19 AM","4/7/2020 11:11:19 AM","Stopped","Success","1"
"USDEMO\Dave.Byers","Exchange restore (Job: Exchange 2016 to On Prem - 4/5/2020 6:01:50 PM)","4/6/2020 11:41:48 AM","[Veeam ONE Monitor] Alarm - Backup job state for ATLISECENTRAL has been changed to Error (previous state: Warning)","19358","Dave Byers\Inbox","1","Item [Veeam ONE Monitor] Alarm - Backup job state for ATLISECENTRAL has been changed to Error (previous state: Warning) was opened successfully (type: IPM.Note; source: Dave Byers\Inbox; target: Dave Byers\Inbox)","4/6/2020 11:43:10 AM","4/6/2020 11:43:10 AM","Stopped","Success","1"
"USDEMO\Joseph.Tucker","Exchange restore (Job: Exchange 2016 to On Prem - 3/31/2020 6:01:47 PM)","4/1/2020 1:32:44 PM","Your mailbox is full","14416","Alex Pelissier\Inbox","1","Item Your mailbox is full was opened successfully (type: IPM.Note.StorageQuotaWarning.SendReceive; source: Alex Pelissier\Inbox; target: Alex Pelissier\Inbox)","4/1/2020 1:33:58 PM","4/1/2020 1:33:58 PM","Stopped","Success","6"
"USDEMO\Joseph.Tucker","Exchange restore (Job: Exchange 2016 to On Prem - 3/31/2020 6:01:47 PM)","4/1/2020 1:32:44 PM","Demo","18770","Tyler Ramby\Inbox","2","Item Demo was opened successfully (type: IPM.Note; source: Tyler Ramby\Inbox; target: Tyler Ramby\Inbox)","4/1/2020 1:35:16 PM","4/1/2020 1:35:16 PM","Stopped","Success","6"
"USDEMO\Joseph.Tucker","Exchange restore (Job: Exchange 2016 to On Prem - 3/31/2020 6:01:47 PM)","4/1/2020 1:32:44 PM","[Veeam ONE Monitor] Alarm - Backup Copy job state for ATLISECENTRAL has been changed to Error (previous state: Error)","19470","Blake von Brockdorff\Inbox","3","Item [Veeam ONE Monitor] Alarm - Backup Copy job state for ATLISECENTRAL has been changed to Error (previous state: Error) was opened successfully (type: IPM.Note; source: Blake von Brockdorff\Inbox; target: Blake von Brockdorff\Inbox)","4/1/2020 1:35:54 PM","4/1/2020 1:35:54 PM","Stopped","Success","6"
"USDEMO\Joseph.Tucker","Exchange restore (Job: Exchange 2016 to On Prem - 3/31/2020 6:01:47 PM)","4/1/2020 1:32:44 PM","[Warning] VMware - Veeam Explorers (3 machines) 3 warnings","24232","Blake von Brockdorff\Inbox","4","Item [Warning] VMware - Veeam Explorers (3 machines) 3 warnings was opened successfully (type: IPM.Note; source: Blake von Brockdorff\Inbox; target: Blake von Brockdorff\Inbox)","4/1/2020 1:36:15 PM","4/1/2020 1:36:15 PM","Stopped","Success","6"
"USDEMO\Joseph.Tucker","Exchange restore (Job: Exchange 2016 to On Prem - 3/31/2020 6:01:47 PM)","4/1/2020 1:32:44 PM","[Success] Backup Configuration Job (1 machines) ","18864","Blake von Brockdorff\Inbox","5","Item [Success] Backup Configuration Job (1 machines)  was opened successfully (type: IPM.Note; source: Blake von Brockdorff\Inbox; target: Blake von Brockdorff\Inbox)","4/1/2020 1:36:25 PM","4/1/2020 1:36:25 PM","Stopped","Success","6"
"USDEMO\Esteve.Nobime","Exchange restore (Entire organization - 3/30/2020 12:03:27 PM)","3/30/2020 2:15:23 PM","svc-vbr is inviting you to collaborate on Support site collection","218585","Arya Stark\Archive","1","Item svc-vbr is inviting you to collaborate on Support site collection was opened successfully (type: IPM.Note; source: Arya Stark\Archive; target: Arya Stark\Archive)","3/30/2020 2:17:00 PM","3/30/2020 2:17:00 PM","Stopped","Success","1"
"USDEMO\Sean.Anaya","Exchange restore (Job: Office 365 Suite to Blob - 3/30/2020 8:57:41 AM)","3/30/2020 11:39:25 AM","Untitled","21882","Daenerys Targaryen\Conversation History\Team Chat","1","Item Untitled was opened successfully (type: IPM.SkypeTeams.Message; source: Daenerys Targaryen\Conversation History\Team Chat; target: Daenerys Targaryen\Conversation History\Team Chat)","3/30/2020 11:39:47 AM","3/30/2020 11:39:47 AM","Stopped","Success","2"
"USDEMO\Sean.Anaya","Exchange restore (Job: Office 365 Suite to Blob - 3/30/2020 8:57:41 AM)","3/30/2020 11:39:25 AM","Untitled","19617","Daenerys Targaryen\Conversation History\Team Chat","2","Item Untitled was opened successfully (type: IPM.SkypeTeams.Message; source: Daenerys Targaryen\Conversation History\Team Chat; target: Daenerys Targaryen\Conversation History\Team Chat)","3/30/2020 11:39:50 AM","3/30/2020 11:39:50 AM","Stopped","Success","2"
